title,company_name,location,via,extensions,description,job_id,thumbnail,posted_at,salary,schedule_type,date_time,search_term,search_location,work_from_home
Energy Analyst and Energy Trader,TotalEnergies,Greece,Aijobs.net,"['24 days ago', 'â‚¬42,294â€“â‚¬78,546 a year', 'Full-time']","Country Greece City ATHENS Workplace location SITE-EXTERNE(GRC) Employer company RENOPTIPOWER S.A Domain Sales Type of contract Regular position Experience Minimum 3 years Context & Environment We are seeking a dynamic and skilled Energy Analyst and Energy Trader, as a free-lancer with full commitment, to join our team at RenoptiPower SA, a dynamic Renewable Energy Sources (RES) aggregator. This hybrid role involves a mix of data analysis, market research, and active trading to optimize our energy assets. You will play a key role in shaping the future of our energy trading strategies and contribute to the growth of our RES portfolio. Activities Responsibilities:â€¢ Analyze large and complex data sets, applying statistical methods to derive insights. â€¢ Conduct market research and provide in-depth market analysis for strategic decision-making. â€¢ Develop, implement, and maintain models to optimize energy trading strategies. â€¢ Collaborate with traders and stakeholders to ensure efficient execution of energy trades and risk management. â€¢ Work closely with energy research team, contributing to the development of energy market fundamentals models. â€¢ Follow up of energy regulations and market developments. â€¢ Achieve operationally profit trading shifts. Candidate Profile Qualifications:â€¢ Bachelor's degree in Mathematics, Economics, Statistics, Engineering (preferred), or related field. â€¢ EnEx Certificate of electricity spot markets (DAM &IDM). â€¢ 2+ years of experience in energy trading. â€¢ Strong analytical skills, proficiency in statistical modeling, and ability to interpret large datasets. â€¢ Knowledge of energy trading strategies, hedging techniques, and market dynamics. â€¢ Experience in power markets, natural gas, and/or crude oil markets is preferred. â€¢ Advanced proficiency in Excel and at least one programming language such as Python, R (no VBA needed). â€¢ Excellent written and communication skills. â€¢ Ability to work independently and collaboratively within cross-functional teams. â€¢ Strong attention to detail, multitasking ability, and working under tight deadlines. â€¢ A Master's degree in a relevant field is a plus. Additional Information Offered: â€¢ Competitive remuneration package. â€¢ Group Health Insurance program. â€¢ Inclusive working environment. â€¢ Continuous training and participation in development activities. â€¢ Opportunities for career growth and advancement. â€¢ Contribution to shaping the future of renewable energy. TotalEnergies values diversity, promotes individual growth and offers equal opportunity careers.",eyJqb2JfdGl0bGUiOiJFbmVyZ3kgQW5hbHlzdCBhbmQgRW5lcmd5IFRyYWRlciIsImNvbXBhbnlfbmFtZSI6IlRvdGFsRW5lcmdpZXMiLCJhZGRyZXNzX2NpdHkiOiJHcmVlY2UiLCJodGlkb2NpZCI6IjZZbHd2OFBONy1UOXN5WXBBQUFBQUE9PSIsInV1bGUiOiJ3K0NBSVFJQ0lHUjNKbFpXTmwiLCJnbCI6InVzIiwiaGwiOiJlbiJ9,,24 days ago,"â‚¬42,294â€“â‚¬78,546 a year",Full-time,2025-06-17 13:50:34.142824,Energy Trader,Greece,
Energy Market Trader & Scheduler,PPC S.A.,"Athens, Greece",MyCarriera.gr,"['26 days ago', 'Full-time']","Energy Market Trader & Scheduler (Attica)

The world of energy is constantly growing and evolving! At PPC (Public Power Corporation), we are looking for people with enthusiasm, knowledge, and positive energy, who want to take their careers one step further. With a team spirit, trust, and empathy, we strive to create a work environment with equal opportunities and respect for everyone, without discrimination.

If you are interested in your personal and professional development in an environment with a pleasant atmosphere and favorable benefits, we invite you to submit your application today. Your future is here!

Find your place in the world of energy. Apply now!

Responsibilities:
â€¢ Ensures the participation of PPC S.A. and their subsidiaries in the Greek short-term energy wholesale electricity markets of the Interconnected System (or other countries in which the company operates, if required), as well as in the corresponding markets of the Non-Interconnected Islands, where they exist, in accordance with the timings and all kinds of relevant provisions and regulations of the Markets based on the predefined strategy
â€¢ Establishes the procedures that ensure the proper operation of the daily shift of short-term markets and prepares reports on the efficiency of those procedures
â€¢ Communicates with relevant business levels of the company to collect required data for the preparation of offers in the relevant short-term markets
â€¢ Implements projects of the Department, participates actively in the testing of new systems and contributes to the consultation procedure on regulatory issues of energy market
â€¢ Plans the operation of energy portfolios on a short-term rolling basis horizon (D-2, D-1) based on market simulations

Requirements:
â€¢ Bachelorâ€™s degree or Diploma in Electrical or Mechanical Engineering
â€¢ Masterâ€™s degree related to Energy Markets will be considered an additional qualification
â€¢ At least two (2) years of relevant experience in managing distributed portfolios
â€¢ Experience in an energy management and/or energy trading company will be considered an additional qualification
â€¢ Certification as an Energy Trader in short-term electricity markets
â€¢ Certification as an Energy Trader in energy futures will be considered an additional qualification
â€¢ Knowledge of Power Automate and/or Power BI and/or Python will be considered an additional qualification
â€¢ Good knowledge of the English language
â€¢ Knowledge of Microsoft Office programs (Excel, Word, PowerPoint) and Internet

Competencies:
â€¢ Accountability and result orientation
â€¢ Teamwork and collaboration
â€¢ Negotiation and influence
â€¢ Customer orientation
â€¢ Personal development
â€¢ Understanding of business environment
â€¢ Adaptability

Benefits:
â€¢ Inclusive working environment
â€¢ Continuous training and participation in development activities
â€¢ Group health and life insurance program
â€¢ Reduced electricity consumption invoice",eyJqb2JfdGl0bGUiOiJFbmVyZ3kgTWFya2V0IFRyYWRlciBcdTAwMjYgU2NoZWR1bGVyIiwiY29tcGFueV9uYW1lIjoiUFBDIFMuQS4iLCJhZGRyZXNzX2NpdHkiOiJBdGhlbnMsIEdyZWVjZSIsImh0aWRvY2lkIjoiOG83WWFqSTVjWVl3NnQ1bEFBQUFBQT09IiwidXVsZSI6IncrQ0FJUUlDSUdSM0psWldObCIsImdsIjoidXMiLCJobCI6ImVuIn0=,https://serpapi.com/searches/68515681ab28c604bc14bbd7/images/c809acab490bd3efa0c96b7d6599ba76cc5dc222effb03a4465eb15381c8417c.jpeg,26 days ago,,Full-time,2025-06-17 13:50:34.142824,Energy Trader,Greece,
Energy Market Trader & Scheduler,Î”Î•Î— Î‘.Î•,Greece,Skywalker,"['26 days ago', 'Full-time', 'No degree mentioned']",Î— ÎµÏ„Î±Î¹ÏÎ¯Î± Î”Î•Î— Î‘.Î• Ï€ÏÎ¿ÏƒÏ†Î­ÏÎµÎ¹ Î¸Î­ÏƒÎ· ÎµÏÎ³Î±ÏƒÎ¯Î±Ï‚ Energy Market Trader & Scheduler,eyJqb2JfdGl0bGUiOiJFbmVyZ3kgTWFya2V0IFRyYWRlciBcdTAwMjYgU2NoZWR1bGVyIiwiY29tcGFueV9uYW1lIjoizpTOlc6XIM6RLs6VIiwiYWRkcmVzc19jaXR5IjoiR3JlZWNlIiwiaHRpZG9jaWQiOiJ6NTE4Q09ZU3JYRkVNRTBhQUFBQUFBPT0iLCJ1dWxlIjoidytDQUlRSUNJR1IzSmxaV05sIiwiZ2wiOiJ1cyIsImhsIjoiZW4ifQ==,https://serpapi.com/searches/68515681ab28c604bc14bbd7/images/c809acab490bd3ef111e36ee669e8a3fdadd9d7b78633b195288e006a0303388.jpeg,26 days ago,,Full-time,2025-06-17 13:50:34.142824,Energy Trader,Greece,
Claims and Demurrage Officer,B.B. Energy,"Athens, Greece",Indeed,"['15 days ago', 'Full-time']","About the company

BB Energy operates across the globe and is among the worldâ€™s leading independent trading companies â€“ applying our depth of experience to oil refining, logistics, storage and financing.

At BB Energy we are constantly evolving in order to meet new challenges, while developing our personnel to ensure a competitive edge.

Our global trading offices are staffed by experienced traders who count Gas, Crude Oil, Light and Middle Distillates, as well as Bitumen, as their specialties. The traders are supported by skilled shipping and financial operations personnel, headquartered in Athens.

Main Responsibilities
â€¢ Checking and handling of Ownersâ€™ and trading partnersâ€™ demurrage claims, freight invoices and other shipping costs and ensure same are recharged to our counterparties fully documented within the time bar limits
â€¢ Analyze Contracts, Charter-parties and voyage documents, clarify events with Agents, Masters, Brokers, Operators and Charterers and calculate demurrage
â€¢ Negotiate with customers the demurrage and the other shipping claims, invoice customers and pursue for payment and in disputes or non-fulfilment of payment take and follow advice from the Legal
â€¢ Keep accurate records, produce periodical and ad hoc reports and identify key trends to reduce the overall demurrage exposure of the company
â€¢ Develop and maintain good relationships with the traders, operators and BB Energyâ€™s chartering broker
â€¢ Provide commercial support, analytical assessment, identify issues and propose solutions to Trading, Chartering, Operations and Risk departments
â€¢ Occasional travel required

Desired skills and experience
â€¢ Relevant experience of minimum 3-5 years in a petroleum trading company or in the demurrage department of a tanker ship management company
â€¢ Experience with tankers and barges are essential
â€¢ Bachelorâ€™s or higher degree â€“ preferably in Law/Shipping
â€¢ Competent in day to day correspondence
â€¢ Excellent written and spoken English
â€¢ Effective written and verbal communication with different departments
â€¢ Strong negotiation skills
â€¢ Strong interpersonal skills
â€¢ Good understanding of contracts, charter-parties and key laytime/demurrage provisions and the terminology associated with the petroleum industry commodities.
â€¢ Strong facilitation, planning, organizational, analytical and teamwork skills.
â€¢ Computer Literate in Microsoft Suite, experience in commercial systems and ability to learn new ones
â€¢ Proactive and able to work on own initiative
â€¢ Proven ability to work under pressure and to tight deadlines",eyJqb2JfdGl0bGUiOiJDbGFpbXMgYW5kIERlbXVycmFnZSBPZmZpY2VyIiwiY29tcGFueV9uYW1lIjoiQi5CLiBFbmVyZ3kiLCJhZGRyZXNzX2NpdHkiOiJBdGhlbnMsIEdyZWVjZSIsImh0aWRvY2lkIjoiODB6WHM5a2laU1RXWnIxWEFBQUFBQT09IiwidXVsZSI6IncrQ0FJUUlDSUdSM0psWldObCIsImdsIjoidXMiLCJobCI6ImVuIn0=,https://serpapi.com/searches/68515681ab28c604bc14bbd7/images/c809acab490bd3ef5c942850d4a8837a3b96e5e960be29da63f17c9aded211f8.jpeg,15 days ago,,Full-time,2025-06-17 13:50:34.142824,Energy Trader,Greece,
Energy Trader,Elpedison,Anywhere,Workable Jobs,"['Work from home', 'Full-time']","# One Group | One Power

ELPEDISON is the first independent energy utility in Greece, and a leader in providing outstanding and innovative energy solutions. We operate with enthusiasm in what we do and we pride ourselves of offering our employees a place where they can excel, creating value. We are offering now a set of exciting positions in our headquarters in Athens, to incite our new digital transformation program. If you are skilled in data management, data science, advanced analytics, technology project management, or related fields, this can be a big opportunity for YOUR career.

ELPEDISON, with its two privately-owned power plants in Thisvi (Voiotia) and Thessaloniki, with a total installed capacity of 820 MW, uses natural gas as fuel and ensures a clean and continuous electricity flow, based on a highly environmentally-friendly power generation process.

We are currently looking for an Energy Trader to be responsible for managing and optimizing energy trading positions in various markets and energy commodities to ensure profitability. The role involves making informed trading decisions in the short and medium term based on market trends, forecasts, and analysis of energy commodities such as power, gas, and EUAs. As part of the responsibilities, the candidate will model energy markets and analyze data in order to identify, implement and continuously improve trading strategies.

What will you do:
â€¢ Model energy markets and perform quantitative analysis in order to identify trading strategies in various energy commodities.
â€¢ Track market fundamentals, including generation capacity, fuel prices, weather, and policy developments in South-East Europe.
â€¢ Use technical analysis, quantitative models, and market intelligence to discover trends and patterns in various energy commodities.
â€¢ Develop analytic tools to facilitate operations and improve trading algorithms.
â€¢ Participate in cross border physical transmission rightsâ€™ auctions between countries.
â€¢ Engage with counterparties, brokers, and market participants to negotiate, settle trades and review contractual process.
â€¢ Maintain accurate records of all trades and positions for internal reporting and regulatory compliance.
â€¢ Provide regular updates and reports to senior management on market developments, trading performance, and strategies.
â€¢ Regularly interact with teams internally to discuss strategies, business implications, and market movements.

What you need to be successful:
â€¢ A BSc in Engineering or Mathematics
â€¢ At least 2 years experience in the modelling of energy sector and 1 year in technical analysis
â€¢ Knowledge of energy market simulation software (Plexos, EPSI) and R/Python programming strongly preferred
â€¢ Good understanding of energy markets
â€¢ Novelty seeking mind-set
â€¢ Strong energy modelling, quantitative and analytic skills
â€¢ Self-driven and motivated
â€¢ Experience in technical analysis
â€¢ Ability to communicate effectively across multiple teams and functions

Our offer to you:
â€¢ Competitive salary
â€¢ Performance-based variable pay ğŸ’°
â€¢ Ticket restaurant card ğŸ’³
â€¢ Transportation reimbursement â›½
â€¢ Private Health Insurance coverage ğŸ©º
â€¢ Pension Scheme
â€¢ Home electricity and natural gas discount âš¡
â€¢ Continuous learning & upskilling opportunities and access to our premium online training platform ğŸ“š
â€¢ Hybrid Working
â€¢ One extra day of paid time off
â€¢ Reimbursement for your athletic activities ğŸ¥ˆ
â€¢ Unlimited fruits and snacks at the office ğŸ¥œ

Elpedison S.A. will keep your personal information for a period of 2 years from the submission date, after which we will delete your personal data. Elpedison S.A. has the right to transfer your personal information to third parties to whom it has assigned services, which require the collection and processing of such personal data for candidate evaluation in the process of personnel selection.

For more information regarding the processing of your personal information and exercising your rights, please read the ELPEDISON Privacy Policy.",eyJqb2JfdGl0bGUiOiJFbmVyZ3kgVHJhZGVyIiwiY29tcGFueV9uYW1lIjoiRWxwZWRpc29uIiwiYWRkcmVzc19jaXR5IjoiQXRoZW5zLCBHcmVlY2UiLCJodGlkb2NpZCI6IkR5VW8yNExJQzh5ZE1MYktBQUFBQUE9PSIsInV1bGUiOiJ3K0NBSVFJQ0lHUjNKbFpXTmwiLCJnbCI6InVzIiwiaGwiOiJlbiJ9,https://serpapi.com/searches/6851568c95e0b36636fedacf/images/c34b27550c12423089c92ca2191cb0614a052d2ee948b2f4ac284bac749d54cb.png,,,Full-time,2025-06-17 13:50:40.081629,Power Trader,Greece,True
Power Generation Analyst/Trader,ÎŸÎœÎ™Î›ÎŸÎ£ Î“Î•Îš Î¤Î•Î¡ÎÎ‘ / GEK TERNA GROUP,"Athens, Greece",Jobs By Workable,['Full-time'],"Î— Î—Î¡Î©Î Î•ÎÎ•Î¡Î“Î•Î™Î‘ÎšÎ— Î‘.Î•. ÎµÏ„Î±Î¹ÏÎµÎ¯Î± Ï„Î¿Ï… ÎŸÎ¼Î¯Î»Î¿Ï… Î“Î•Îš Î¤Î•Î¡ÎÎ‘, Î±Î½Î±Î¶Î·Ï„Î¬ Power Generation Analyst/Trader

ÎšÏÏÎ¹ÎµÏ‚ Î‘ÏÎ¼Î¿Î´Î¹ÏŒÏ„Î·Ï„ÎµÏ‚:
â€¢ AÎ½Î±Î»ÏÎµÎ¹ Ï„Î± Î´ÎµÎ´Î¿Î¼Î­Î½Î± Î±Î³Î¿ÏÎ¬Ï‚ ÎºÎ±Î¹ Ï€Î±ÏÎ±Î³Ï‰Î³Î®Ï‚ Î·Î»ÎµÎºÏ„ÏÎ¹ÎºÎ®Ï‚ ÎµÎ½Î­ÏÎ³ÎµÎ¹Î±Ï‚, Î²ÎµÎ»Ï„Î¹ÏƒÏ„Î¿Ï€Î¿Î¹ÏÎ½Ï„Î±Ï‚ Ï„Î¹Ï‚ ÏƒÏ„ÏÎ±Ï„Î·Î³Î¹ÎºÎ­Ï‚ Î±Î³Î¿ÏÎ¬Ï‚ ÎºÎ±Î¹ Ï€ÏÎ»Î·ÏƒÎ·Ï‚
â€¢ Î‘Î½Î±Î»ÏÎµÎ¹ ÎºÎ±Î¹ Ï€ÏÎ¿Î²Î»Î­Ï€ÎµÎ¹ Ï„Î¹Ï‚ Ï„Î¬ÏƒÎµÎ¹Ï‚ Ï„Î¹Î¼ÏÎ½ ÏƒÏ„Î¹Ï‚ Î•Î»Î»Î·Î½Î¹ÎºÎ­Ï‚ Ï‡Î¿Î½Î´ÏÎµÎ¼Ï€Î¿ÏÎ¹ÎºÎ­Ï‚ Î±Î³Î¿ÏÎ­Ï‚ Î·Î»ÎµÎºÏ„ÏÎ¹ÎºÎ®Ï‚ ÎµÎ½Î­ÏÎ³ÎµÎ¹Î±Ï‚,
â€¢ Î£Ï…Î½ÎµÏÎ³Î¬Î¶ÎµÏ„Î±Î¹ Î¼Îµ Ï„Î·Î½ ÎŸÎ¼Î¬Î´Î± Î Î±ÏÎ±Î³Ï‰Î³Î®Ï‚ Î•Î½Î­ÏÎ³ÎµÎ¹Î±Ï‚ Î³Î¹Î± Ï„Î· Î²ÎµÎ»Ï„Î¹ÏƒÏ„Î¿Ï€Î¿Î¯Î·ÏƒÎ· Ï„Ï‰Î½ Î¿Î¹ÎºÎ¿Î½Î¿Î¼Î¹ÎºÏÎ½ Î±Ï€Î¿Ï„ÎµÎ»ÎµÏƒÎ¼Î¬Ï„Ï‰Î½ Ï„Î¿Ï… ÏƒÏ„Î±Î¸Î¼Î¿Ï Î¼Î­ÏƒÏ‰ ÏƒÏ…Î¼Î¼ÎµÏ„Î¿Ï‡Î®Ï‚ ÏƒÏ„Î¹Ï‚ Î±Î³Î¿ÏÎ­Ï‚ Target Model (DAM, IDAs, XBID, RTBEM).
â€¢ Î”Î¹Î±ÏƒÏ†Î±Î»Î¯Î¶ÎµÎ¹ Ï„Î· ÏƒÏ…Î½ÎµÏ‡Î® ÏƒÏ…Î¼Î¼ÎµÏ„Î¿Ï‡Î® ÏƒÏ„Î·Î½ Î±Î³Î¿ÏÎ¬, ÎµÎºÏ„ÎµÎ»ÏÎ½Ï„Î±Ï‚ ÎºÏ…Î»Î¹ÏŒÎ¼ÎµÎ½ÎµÏ‚ Î²Î¬ÏÎ´Î¹ÎµÏ‚.
â€¢ Î£Ï…Î¼Î²Î¬Î»Î»ÎµÎ¹ ÏƒÏ„Î·Î½ Î±Î½Î¬Ï€Ï„Ï…Î¾Î· ÎºÎ±Î¹ Î²ÎµÎ»Ï„Î¯Ï‰ÏƒÎ· Î±Î½Î±Î»Ï…Ï„Î¹ÎºÏÎ½ ÎµÏÎ³Î±Î»ÎµÎ¯Ï‰Î½ Î³Î¹Î± Ï„Î·Î½ Ï…Ï€Î¿ÏƒÏ„Î®ÏÎ¹Î¾Î· Ï„Ï‰Î½ ÎºÎ±Î¸Î·Î¼ÎµÏÎ¹Î½ÏÎ½ Î»ÎµÎ¹Ï„Î¿Ï…ÏÎ³Î¹ÏÎ½ ÎºÎ±Î¹ Ï„Î· Î»Î®ÏˆÎ· Î±Ï€Î¿Ï†Î¬ÏƒÎµÏ‰Î½.
â€¢ Î£Ï…Î½Ï„Î¬ÏƒÏƒÎµÎ¹ Î±Î½Î±Ï†Î¿ÏÎ­Ï‚ ÎºÎ±Î¹ Î±Î½Î±Î»ÏÎµÎ¹ Ï„Î¿Î½ Î±Î½Ï„Î±Î³Ï‰Î½Î¹ÏƒÎ¼ÏŒ, Ï€Î±ÏÎ­Ï‡Î¿Î½Ï„Î±Ï‚ Ï‡ÏÎ®ÏƒÎ¹Î¼ÎµÏ‚ Ï€Î»Î·ÏÎ¿Ï†Î¿ÏÎ¯ÎµÏ‚ ÏƒÏ„Î· Î”Î¹Î¿Î¯ÎºÎ·ÏƒÎ· Î³Î¹Î± Ï„Î¿Î½ ÏƒÏ„ÏÎ±Ï„Î·Î³Î¹ÎºÏŒ ÏƒÏ‡ÎµÎ´Î¹Î±ÏƒÎ¼ÏŒ ÎºÎ±Î¹ Ï„Î·Î½ Î±Î¾Î¹Î¿Î»ÏŒÎ³Î·ÏƒÎ· Ï„Î·Ï‚ Î±Ï€ÏŒÎ´Î¿ÏƒÎ·Ï‚.
â€¢ Î Î±ÏÎ±ÎºÎ¿Î»Î¿Ï…Î¸ÎµÎ¯ Ï„Î·Î½ Î±Ï€ÏŒÎ´Î¿ÏƒÎ· Ï„Î¿Ï… ÏƒÏ„Î±Î¸Î¼Î¿Ï Î¼Î­ÏƒÏ‰ Î±Î½Î¬Î»Ï…ÏƒÎ·Ï‚ Î´ÎµÎ´Î¿Î¼Î­Î½Ï‰Î½, ÎµÎ½Ï„Î¿Ï€Î¯Î¶Î¿Î½Ï„Î±Ï‚ ÎµÏ…ÎºÎ±Î¹ÏÎ¯ÎµÏ‚ Î²ÎµÎ»Ï„Î¯Ï‰ÏƒÎ·Ï‚ Ï„Î·Ï‚ Î±Ï€Î¿Î´Î¿Ï„Î¹ÎºÏŒÏ„Î·Ï„Î±Ï‚ ÎºÎ±Î¹ ÎºÎµÏÎ´Î¿Ï†Î¿ÏÎ¯Î±Ï‚.
â€¢ Î”Î¹Î±Ï‡ÎµÎ¹ÏÎ¯Î¶ÎµÏ„Î±Î¹ Ï„Î· ÏƒÏ„ÏÎ±Ï„Î·Î³Î¹ÎºÎ® Ï€ÏÎ¿ÏƒÏ†Î¿ÏÏÎ½, ÎµÏ†Î±ÏÎ¼ÏŒÎ¶Î¿Î½Ï„Î±Ï‚ Î²Î­Î»Ï„Î¹ÏƒÏ„ÎµÏ‚ Ï€ÏÎ±ÎºÏ„Î¹ÎºÎ­Ï‚ Î³Î¹Î± Ï„Î·Î½ ÎµÎ½Î¯ÏƒÏ‡Ï…ÏƒÎ· Ï„Î·Ï‚ Î»ÎµÎ¹Ï„Î¿Ï…ÏÎ³Î¹ÎºÎ®Ï‚ Î±Ï€Î¿Î´Î¿Ï„Î¹ÎºÏŒÏ„Î·Ï„Î±Ï‚ ÎºÎ±Î¹ Ï„Î·Ï‚ ÎºÎµÏÎ´Î¿Ï†Î¿ÏÎ¯Î±Ï‚ Ï„Î¿Ï… Î¸ÎµÏÎ¼Î¹ÎºÎ¿Ï ÏƒÏ„Î±Î¸Î¼Î¿Ï Ï€Î±ÏÎ±Î³Ï‰Î³Î®Ï‚ ÎµÎ½Î­ÏÎ³ÎµÎ¹Î±Ï‚.

Î‘Ï€Î±Î¹Ï„Î¿ÏÎ¼ÎµÎ½Î± Î ÏÎ¿ÏƒÏŒÎ½Ï„Î±:
â€¢ Î Ï„Ï…Ï‡Î¯Î¿ Î—Î»ÎµÎºÏ„ÏÎ¿Î»ÏŒÎ³Î¿Ï… ÎœÎ·Ï‡Î±Î½Î¹ÎºÎ¿Ï, Î¬Î»Î»Ï‰Î½ ÎºÎ»Î¬Î´Ï‰Î½ ÎœÎ·Ï‡Î±Î½Î¹ÎºÎ®Ï‚ Î® Î¦Ï…ÏƒÎ¹ÎºÏÎ½/Î¥Ï€Î¿Î»Î¿Î³Î¹ÏƒÏ„Î¹ÎºÏÎ½ Î•Ï€Î¹ÏƒÏ„Î·Î¼ÏÎ½.
â€¢ ÎœÎµÏ„Î±Ï€Ï„Ï…Ï‡Î¹Î±ÎºÏŒÏ‚ Ï„Î¯Ï„Î»Î¿Ï‚ ÏƒÏ€Î¿Ï…Î´ÏÎ½ ÏƒÎµ Î•Î½Î­ÏÎ³ÎµÎ¹Î±, Î‘Î½Î¬Î»Ï…ÏƒÎ· Î”ÎµÎ´Î¿Î¼Î­Î½Ï‰Î½ Î® Data Science ÎµÎ¯Î½Î±Î¹ ÎµÏ€Î¹Î¸Ï…Î¼Î·Ï„ÏŒÏ‚.
â€¢ Î Î¹ÏƒÏ„Î¿Ï€Î¿Î¹Î·Ï„Î¹ÎºÏŒ Î•Î½ÎµÏÎ³ÎµÎ¹Î±ÎºÎ¿Ï Î•Î¼Ï€ÏŒÏÎ¿Ï… Î±Ï€ÏŒ Ï„Î¿Î½ EnEx Î¸Î± Î¸ÎµÏ‰ÏÎ·Î¸ÎµÎ¯ Ï€ÏÏŒÏƒÎ¸ÎµÏ„Î¿ Ï€ÏÎ¿ÏƒÏŒÎ½.
â€¢ 3 Î­Ï„Î· ÎµÎ¼Ï€ÎµÎ¹ÏÎ¯Î± ÏƒÎµ Î±Î½Ï„Î¯ÏƒÏ„Î¿Î¹Ï‡Î¿ ÏÏŒÎ»Î¿
â€¢ Î‘Ï€Î¿Î´ÎµÎ´ÎµÎ¹Î³Î¼Î­Î½Î· Î³Î½ÏÏƒÎ· ÎºÎ±Î¹ ÎºÎ±Ï„Î±Î½ÏŒÎ·ÏƒÎ· Ï„Ï‰Î½ Î•Î½ÎµÏÎ³ÎµÎ¹Î±ÎºÏÎ½ Î‘Î³Î¿ÏÏÎ½.
â€¢ Î†ÏÎ¹ÏƒÏ„Î· Î³Î½ÏÏƒÎ· Î‘Î³Î³Î»Î¹ÎºÏÎ½ & Î•Î»Î»Î·Î½Î¹ÎºÏÎ½ (ÏƒÎµ Î³ÏÎ±Ï€Ï„ÏŒ ÎºÎ±Î¹ Ï€ÏÎ¿Ï†Î¿ÏÎ¹ÎºÏŒ Î»ÏŒÎ³Î¿)
â€¢ Î•Î¾Î¿Î¹ÎºÎµÎ¯Ï‰ÏƒÎ· Î¼Îµ Î³Î»ÏÏƒÏƒÎµÏ‚ Ï€ÏÎ¿Î³ÏÎ±Î¼Î¼Î±Ï„Î¹ÏƒÎ¼Î¿Ï, ÏŒÏ€Ï‰Ï‚ VBA ÎºÎ±Î¹ Python.

Î”ÎµÎ¾Î¹ÏŒÏ„Î·Ï„ÎµÏ‚
â€¢ Î™ÏƒÏ‡Ï…ÏÎ­Ï‚ Î´ÎµÎ¾Î¹ÏŒÏ„Î·Ï„ÎµÏ‚ Î±Î½Î¬Î»Ï…ÏƒÎ·Ï‚ Î´ÎµÎ´Î¿Î¼Î­Î½Ï‰Î½
â€¢ Î™ÎºÎ±Î½ÏŒÏ„Î·Ï„Î± ÎµÏ€Î¯Î»Ï…ÏƒÎ·Ï‚ ÏƒÏÎ½Î¸ÎµÏ„Ï‰Î½ Ï€ÏÎ¿Î²Î»Î·Î¼Î¬Ï„Ï‰Î½
â€¢ Î†ÏÎ¹ÏƒÏ„Î· Î¹ÎºÎ±Î½ÏŒÏ„Î·Ï„Î± ÏƒÏ…Î½ÎµÏÎ³Î±ÏƒÎ¯Î±Ï‚ ÏƒÎµ Î¿Î¼Î¬Î´Î±
â€¢ Î™ÎºÎ±Î½ÏŒÏ„Î·Ï„Î± Î´Î¹Î±Ï‡ÎµÎ¯ÏÎ¹ÏƒÎ·Ï‚ Î±ÏÎ¼Î¿Î´Î¹Î¿Ï„Î®Ï„Ï‰Î½
â€¢ Î™ÎºÎ±Î½ÏŒÏ„Î·Ï„Î± Î±Ï€Î¿Ï„ÎµÎ»ÎµÏƒÎ¼Î±Ï„Î¹ÎºÎ®Ï‚ ÎºÎ±Ï„Î±Î½Î¿Î¼Î®Ï‚ ÎµÏÎ³Î±ÏƒÎ¹ÏÎ½",eyJqb2JfdGl0bGUiOiJQb3dlciBHZW5lcmF0aW9uIEFuYWx5c3QvVHJhZGVyIiwiY29tcGFueV9uYW1lIjoizp/OnM6ZzpvOn86jIM6TzpXOmiDOpM6VzqHOnc6RIC8gR0VLIFRFUk5BIEdST1VQIiwiYWRkcmVzc19jaXR5IjoiQXRoZW5zLCBHcmVlY2UiLCJodGlkb2NpZCI6Im0zWG1QOFU0WkxyMElaaDRBQUFBQUE9PSIsInV1bGUiOiJ3K0NBSVFJQ0lHUjNKbFpXTmwiLCJnbCI6InVzIiwiaGwiOiJlbiJ9,,,,Full-time,2025-06-17 13:50:40.081629,Power Trader,Greece,
Marketplace Manager- Energy Trading (m/f/d),enmacc,Anywhere,Jobgether,"['Work from home', 'Full-time', 'No degree mentioned']","This a Full Remote job, the offer is available from: Europe

enmacc is Europeâ€™s largest over-the-counter trading market venue for energy and environmental commodities. Our cutting-edge platform digitalises the energy trading landscape, addressing the long-standing challenges that traders have faced for decades.

Our trading platform allows market participants to execute trades with unparalleled speed, efficiency, and security. We have over 570 companies and 2200 members trading electricity, gas, Guarantees of Origin, emissions allowances and weather derivatives. Our platform attracts a vibrant network of energy suppliers, trading houses, industrial companies, and municipal utilities. By joining our platform, participants gain access to more market opportunities, boosted liquidity, and are empowered to accelerate the energy transition.

Since 2016 we have now a dedicated team of 90 talented individuals spread across Europe. We are driven by our enthusiasm for the energy sector and technology, thriving in a dynamic scale-up environment. If you share our zeal for working in a diverse, inclusive, and fast-paced environment, we invite you to submit your application below.

Your Mission:

Join the success story of the enmacc network and its member companies to leave your mark in re-defining how energy traders work!

Your mission is to create trading success with and for the traders. Your role is to engage and grow the network of traders on enmacc contributing strongly to our goal to play an essential role on every traders desk. You will enable traders to benefit from the huge direct network and from the efficiency of the RFQ trading platform to further grow the liquidity for them. You will ensure traders get the best out of the platform and its future development, while the platform supports you with the trading process itself.

What youâ€™ll do:
â€¢ Work closely with traders to define success and help them maximise the value through engaging with the enmacc platform
â€¢ Proactively increase number of traders, pitching and giving demos of the enmacc platform
â€¢ Increase trading fee revenue (MRR) by effectively managing and growing existing client relationships
â€¢ Work closely with our Product department to contribute to the development of new features and products needed to be successful
â€¢ Tackle ad-hoc marketplace management activities and enquiries of traders
â€¢ Cooperate with Account Management & Marketing teams to encourage user activities in the marketplace

Who you are:
â€¢ You have 2 or more years experience as a broker, trader or portfolio manager in the energy, commodity or finance industry
â€¢ You thrive on pushing boundaries and you enjoy challenging the status quo to succeed
â€¢ You like to be challenged by the traders and your job, with a thirst for learning
â€¢ You are â€˜hands onâ€™: independent, entrepreneurial, and result oriented
â€¢ You like ownership and you know how to be a ferocious self-starter and a great team player

What youâ€™ll get:
â€¢ Entrepreneurial company culture with flat hierarchies
â€¢ Competitive Remuneration Scheme
â€¢ Abroad working policy form EU and outside EU.
â€¢ Learning & Development: a Personal Development Plan along with especially allocated budget and 5 days off to further your personal & professional development
â€¢ Being part of our supportive, persistent, curious and fun culture!
â€¢ Joining a grown-up start-up in the SaaS/energy field
â€¢ Modern office spaces in the heart of Munich
â€¢ Hybrid work set-up, allowing you to combine working in the office with working from home
â€¢ State of the art Apple hardware and software
â€¢ Free drinks, fruit, and coffee, special fitness offers and discount offers
â€¢ German classes
â€¢ Relocation assistance for international candidates

#LI-Remote

Got energy? Join us!

This offer from ""enmacc"" has been enriched by Jobgether.com and got a 77% flex score.",eyJqb2JfdGl0bGUiOiJNYXJrZXRwbGFjZSBNYW5hZ2VyLSBFbmVyZ3kgVHJhZGluZyAobS9mL2QpIiwiY29tcGFueV9uYW1lIjoiZW5tYWNjIiwiYWRkcmVzc19jaXR5IjoiR3JlZWNlIiwiaHRpZG9jaWQiOiJzWXVzR1cxS1Y3RHJDbV9FQUFBQUFBPT0iLCJ1dWxlIjoidytDQUlRSUNJR1IzSmxaV05sIiwiZ2wiOiJ1cyIsImhsIjoiZW4ifQ==,https://serpapi.com/searches/6851568c95e0b36636fedacf/images/c34b27550c124230f195b674576798a52e6492862598894233c00e5c66240348.jpeg,,,Full-time,2025-06-17 13:50:40.081629,Power Trader,Greece,True
