title,company_name,location,via,extensions,description,job_id,thumbnail,salary,schedule_type,posted_at,date_time,search_term,search_location,work_from_home
"Director, Quantitative Research & School Inspection (Bilingual French & English) at NewGlobe",NewGlobe,"Nairobi, Kenya",Jobweb Kenya,"['KES\xa03,733‚ÄìKES\xa093,343 a month', 'Full-time']","NewGlobe is growing and developing fast. The organization has been on a journey from proof-of-concept community school programs, to participating in national multi-partner public-private partnerships, acting as technical service delivery partners to statewide programs at scale, and ultimately supporting national government transformation programs. NewGlobe was founded in 2007. In 2009 it opened its first community school program, Bridge International Academies, Kenya. Over the next six years, it grew across the country, opening community schools in the majority of Kenya‚Äôs counties, and becoming recognized globally for the Bridge International Academies model. In 2015, NewGlobe expanded its community school Bridge programming into new territories ‚Äì Uganda and Nigeria. It also entered students into Kenya‚Äôs national end of primary exit exams (KCPE) for the first time. NewGlobe expanded beyond Africa in 2016
About The Role

We are seeking a full-time Director, Quantitative Research and School Inspection who is excited about improving learning outcomes in government schools by providing technical and managerial leadership to a larger School Inspection (audit) team and building the capacity of our government partner‚Äôs School Inspection team.
We aim to impact teaching and learning, so we need to deliver high quality data to decision makers at all levels of the organisation & to our government partner. Quantitative Research and School Inspection ensures that we have accurate knowledge of what is happening in schools by auditing all school management work. The data output from the audits you‚Äôll design and run will be used to drive continuous improvement in the schools.
The Director, Quantitative Research and School Inspection must work effectively with people from diverse backgrounds, from different functional areas, and must be excited about driving change by recommending improvements to our processes to work towards audits that demonstrate 100% compliance. You will be responsible for the daily management of a large field team, proposing and adapting audits to ensure operational excellence after developing an in-depth understanding of the programme needs on both the government side & the technical partner side, analysing & providing actionable data from the audits via reports & dashboards, collaborating closely with other teams to ensure that the issues the School Inspection team observed are not only understood but also addressed rapidly. Your team of field associates will be heavily relied upon to support school staff to drive operational excellence, actively solve problems, and to ensure that schools are safe & conducive learning environments.
The Director, Quantitative Research and School Inspection will lead a team of School Inspection Supervisors who in turn manage a large field team of School Inspection Associates. The Director, Quantitative Research and School Inspection will report into the executive leadership of the Partnership Launch Team Chief of Partnership Launch and have a dotted/technical reporting line to the Regional Director, School Inspection and VP Operations. Other departments that take action based on audits include Operations, including Supply Chain and IT, as well as People. It is for this reason this function has direct executive reporting and oversight. A critical component of this role is leading meetings, reporting, providing technical expertise, and working in close partnership with the government partner School Inspection team, which includes staff in their headquarters & in the field. Collaboration with the government partner School Inspection team will continue to increase as the programme matures and culminate in the incorporation of the government partner School Inspection team into the internal School Inspection team.

What you will do

Establish School Inspection Procedures. The Director, Quantitative Research and School Inspection is responsible for creating and implementing School Inspection procedures and methodologies after deeply understanding our processes. The School Inspection Director will measure, monitor, and analyze current processes, make recommendations for improvement and develop new solutions to enhance quality control. The School Inspection Director will use and continually improve the core audits and best practices already in place.
Manage School Inspection staff : The Director, Quantitative Research and School Inspection will lead the School Inspection team of supervisors & associates. This includes training them on new or revised procedures and systems; supervising them during the research process to ensure that they are correctly utilizing School Inspection methods and systems; and also supporting them as they monitor corrective actions implemented by other departments for critical/major and minor nonconformities, ensuring that actions are effective, implemented in a timely manner, and are permanent in nature to avoid recurrence of deficiencies.
Report Quality Issues to Schools and Operations Department Leaders & lead with ensuring rapid resolution . To support teaching and learning activities, the Director, Quantitative Research and School Inspection will ensure there is rapid , clear visibility of audit results always visible to the Schools Department, and for relevant audits, for Operations, including Supply Chain and IT, as well as People. The data from the audits is only worth collecting if it is rapidly visible and used to drive decision-making and correct any lapses or errors. Responsibilities also include ensuring that issues reported by School Inspections capture all the necessary data required for action by other teams and are assigned to the right team for resolution. Where systemic issues are made visible, the School Inspection Director is to work with other teams and the MD to identify such issues and any bottlenecks in the resolution process.
Maintain School Inspection Records . The Director, Quantitative Research and School Inspection will maintain detailed records of School Inspection activities and issues. These reports provide comprehensive records of School Inspection activities and help the organisation determine what‚Äôs working and what needs to be corrected.This includes management of the School Inspection field team, ensuring integrity in data collection.
Analyze Data Outputs & Create Quality Control Reports . The Director, Quantitative Research and School Inspection will support and enhance the organisation‚Äôs performance by analyzing and assessing audit data. In this aspect of the role, the School Inspection Director finds patterns and areas for improvements based on School Inspection data over time and utilizes these reports to improve processes and performance. The School Inspection Director determines whether their teams meet targets, deliver expected performance, and maintain overall workflow. This data must be provided rapidly to drive decisions in real time.
For any project, be ready to propose a plan and execute. This includes creating a timeline, liaising with other departments to get the support you need, managing performance and motivating staff members, figuring out how to get things done when things don‚Äôt go as planned, getting the data you need and getting it right, conducting analyses, framing the results, and answer any and all questions about your work.
Lead and provide technical expertise during engagements with the government School Inspection partners which will include:
Leading meetings with the government partner and writing periodic reports; identifying & anticipating challenges / bottlenecks in the collaboration with the government partner and partnering with the MD and Policy & Partnership team to address these.
Working with School Inspection shared services to ensure that the School Inspection audits within the programme align to the needs of both the program and the government partner
Detailed review of the structure of their School Inspection team and working with them to better structure their teams to drive operational excellence in the schools
Working with School Inspection shared services to design and then scheduling and carrying out School Inspection-focused training for the government partner School Inspections

What you should have

A bachelor‚Äôs degree from a top-tier university with an excellent academic record. Quantitative undergraduate degrees are preferred
Multi market experience overseeing large field teams.
Team management experience‚Äì to direct, mentor, and oversee field associates within the School Inspection department, you should possess effective leadership, coordination, and motivation skills
Process enhancement skills ‚Äì to find ways to streamline processes and boost efficiency, you should have some knowledge of process improvement and enhancement
Organization skills ‚Äìto successfully direct and oversee all School Inspection procedures and coordinate production processes you should have strong organization skills
Excellent communication skills (writing and speaking), which enable you to communicate complex ideas effectively to people at all levels in the organisation. You will need to provide reports to production managers and business leaders to influence decision-making.
Exceptional analytical and quantitative problem solving skills. You need to be able to see patterns, be a fast thinker and a good decision maker
Advanced MS Excel/spreadsheets skills, and mastery of presentation/reporting tools such as MS Word/Google docs & MS Powerpoint/Google slides
Strong willed, a fast learner and able to effect changes fast. You should be able to flourish in dynamic, ambiguous environments, to produce high quality work with very short deadlines, effectively prioritize work among multiple competing demands, and adapt to unexpected work demands
Bonus ‚Äì previous experience in School Inspection/audit, including designing surveys; experience working with government; experience in extreme growth situations and dealing with complexity; worked/studied in a developing country, and/or experience implementing data collection projects. Experience with data collection tools such as KoBo Toolbox, and other statistical analysis tools such as R, Stata, Python is also a bonus.

You Are Also

A detailed doer ‚Äì You have a track record of getting things done. You‚Äôre organized and responsive. You take ownership of every idea you touch and execute it to a fine level of detail, setting targets, engaging others, and doing whatever it takes to get the job done. You can multi-task dozens of such projects at once and never lose sight of the details. Likely, you have some experience in a start-up or other rapid-growth company.
A networking mastermind ‚Äì You excel at meeting new people and turning them into advocates. You communicate in a clear, conscientious, and effective way in both written and oral speech. You can influence strangers in the course of a single conversation. Allies and colleagues will go to bat for your ideas. You have an existing network from prior experience in the country, preferably in the regulatory, education, or business sectors.
A creative problem-solver ‚Äì Growing any business from scratch comes with massive and constant challenges. On top of that, we work in often fragile, sometimes volatile low-resource communities and with complex government systems. You need to be flexible and ready to get everything done effectively, quickly, and affordably with the materials at hand.
A relentless advocate ‚Äì The children we serve and teachers we empower never leave your mind. You know them, get them, have shared a meal with them (or would be happy to in the future). You would never shrink back from shaking a parent‚Äôs hand or picking up a crying child, no matter what the person was wearing or looked like. Every decision you make considers their benefit, experience, and value.
A malleable learner ‚Äì You believe you can always do better. You welcome constructive criticism and provide it freely to others. You know you only get better tomorrow when others point out where you‚Äôve missed things or failed today.
A data-driven decision-maker ‚Äì When making decisions, you don‚Äôt rely on your intuition alone. You collect data, you analyze it and make decisions with clear justifications.
A curious investigator ‚Äì You ask why a lot. You don‚Äôt just take what you see and accept it. You wonder why it is that way, and are aware that the world we see is created by human choices and actions ‚Äì and it could be different. You wonder, and see the world as wonderful even when you want to change a part of it that is unjust.",eyJqb2JfdGl0bGUiOiJEaXJlY3RvciwgUXVhbnRpdGF0aXZlIFJlc2VhcmNoIFx1MDAyNiBTY2hvb2wgSW5zcGVjdGlvbiAoQmlsaW5ndWFsIEZyZW5jaCBcdTAwMjYgRW5nbGlzaCkgYXQgTmV3R2xvYmUiLCJjb21wYW55X25hbWUiOiJOZXdHbG9iZSIsImFkZHJlc3NfY2l0eSI6Ik5haXJvYmksIEtlbnlhIiwiaHRpZG9jaWQiOiJYckJGY0ZTSGNyYmM4TU0xQUFBQUFBPT0iLCJ1dWxlIjoidytDQUlRSUNJRlMyVnVlV0UiLCJnbCI6InVzIiwiaGwiOiJlbiJ9,,"KES 3,733‚ÄìKES 93,343 a month",Full-time,,2025-06-17 13:40:21.481366,Quantitative Researcher,Kenya,
MARKET RESEARCH OFFICER,Bank of the Philippine Islands (BPI),Kenya,LinkedIn,"['14 days ago', 'Full-time']","Responsible for utilizing various market research tools (including but not limited to qualitative/ quantitative research, syndicated data, desk research, government/ agency surveys) in managing market research initiatives to deliver actionable insights and support strategic and tactical business initiatives across the bank. The role will act as a subject matter consultant to Consumer, Segment, Product and Channel Groups and work with them in identifying and implementing research needs.

Responsibilities
‚Ä¢ Utilize business knowledge and collaborate with SPCs to build and facilitate appropriate research plans and design individual and/or syndicated studies, customized consumer research and ideation programs
‚Ä¢ Synthesize consumer/ market research studies (qualitative, quantitative, desk/ competitive research) to keep SPCs abreast of market and competitor activities, identify opportunities for growth and improve product and/or service portfolio and operations process
‚Ä¢ Recommend the appropriate research methodology/ approach for market research studies to deliver based on business need
‚Ä¢ Define and execute research studies/ programs are delivered based on agreed specification and timeline to answer business and research objectives
‚Ä¢ Act as the primary contact for third party/ market research agency partners and work closely with them to ensure appropriate qualitative/ quantitative tools, methodologies and cost are aligned with research needs
‚Ä¢ Collaborate/ work with other data insighting teams within and outside the organization (Marketing Group, BPI, Ayala Knowledge sector) to address business needs
‚Ä¢ Understand research requirements and identify appropriate research plan to address business need
‚Ä¢ Lead the end-to-end research implementation including but not limited to research brief review, questionnaire/ interview guide creation, fieldwork execution, report writing/ third party report review and insight/ recommendation presentation to key research/ project stakeholders
‚Ä¢ Ensure regular budget availment and accrual, spend monitoring, vendor accreditation and service agreement completion
‚Ä¢ Create comparative offers/ rate cards of quantitative research agency for a structured view of options for optimal research and vendor recommendation

Qualifications
‚Ä¢ Bachelor‚Äôs Degree in Communication Research, Behavior or Social Science, Business, Statistics, Marketing, Economics or similar field
‚Ä¢ At 5 years of experience in Market research, strategic planning or any related experience either from the agency or client side
‚Ä¢ At least 1-2 years of experience in managing research projects end-to-end (proposal/ design, execution up to report writing) with no/ minimal supervision",eyJqb2JfdGl0bGUiOiJNQVJLRVQgUkVTRUFSQ0ggT0ZGSUNFUiIsImNvbXBhbnlfbmFtZSI6IkJhbmsgb2YgdGhlIFBoaWxpcHBpbmUgSXNsYW5kcyAoQlBJKSIsImFkZHJlc3NfY2l0eSI6IktlbnlhIiwiaHRpZG9jaWQiOiJjN3pHNXlFRm1oU1VuS1RPQUFBQUFBPT0iLCJ1dWxlIjoidytDQUlRSUNJRlMyVnVlV0UiLCJnbCI6InVzIiwiaGwiOiJlbiJ9,https://serpapi.com/searches/68515422f607a9d5eace4ec6/images/0c3766e5f72ed09ee413ef5a9f117a5d1b349a98a578746bbe22796a48615bf2.jpeg,,Full-time,14 days ago,2025-06-17 13:40:21.481366,Quantitative Researcher,Kenya,
Quant Trader (Market Making),Hyphen Connect,Anywhere,Jobgether,"['Work from home', 'Full-time']","This a Full Remote job, the offer is available from: EMEA

Our client is a Crypto HF, aims to enhance their investment offerings to clients by expanding their Market Making desk. Currently, the team is seeking a Quant Trader who possesses expertise in developing and implementing liquidity-focused strategies, risk management, and dynamic optimization. You will collaborate closely with the technology team and have the responsibility of designing systems to support your work. As the business grows, there is a potential for significant ownership of the desk.

This opportunity is open to candidates worldwide with remote work options.

In This Role, Your Key Responsibilities Will Include:
‚Ä¢ Develop and execute market-making strategies across various crypto assets to provide liquidity and enhance market efficiency.
‚Ä¢ Continuously monitor and analyze market conditions, adjusting trading strategies to optimize profitability and minimize risks.
‚Ä¢ Utilize advanced quantitative models and algorithms to make informed trading decisions.
‚Ä¢ Collaborate closely with the technology team to develop and improve trading systems and tools.
‚Ä¢ Manage the trading book, ensuring accurate and timely execution of trades and proper risk management practices.
‚Ä¢ Implement and oversee risk control strategies to mitigate potential market and operational risks.
‚Ä¢ Provide real-time market insights and analysis to the investment management team.
‚Ä¢ Maintain compliance with industry regulations and internal policies, ensuring all trading activities are conducted ethically and legally.
‚Ä¢ Participate in the development of new trading strategies and contribute to the overall growth of the trading desk.

Key Requirements:
‚Ä¢ Bachelor‚Äôs or Master‚Äôs degree in Finance, Economics, Mathematics, or a related field from a renowned university.
‚Ä¢ Significant experience in a trading role within top name exchanges, trading firms, or hedge funds, with a focus on market making.
‚Ä¢ In-depth knowledge of cryptocurrency markets and blockchain technology.
‚Ä¢ Expertise in the development and execution of quantitative trading strategies.
‚Ä¢ Self-motivated and eager to be successful.
‚Ä¢ Experienced in using trading platforms and tools, with a deep understanding of market microstructure.
‚Ä¢ Strong background in risk management and compliance within financial services.
‚Ä¢ Ability to work under pressure in a fast-paced trading environment.

#LI-REMOTE

This offer from ""Hyphen Connect"" has been enriched by Jobgether.com and got a 77% flex score.",eyJqb2JfdGl0bGUiOiJRdWFudCBUcmFkZXIgKE1hcmtldCBNYWtpbmcpIiwiY29tcGFueV9uYW1lIjoiSHlwaGVuIENvbm5lY3QiLCJhZGRyZXNzX2NpdHkiOiJLZW55YSIsImh0aWRvY2lkIjoic1hhTm1xd0k0R0k1WkdZT0FBQUFBQT09IiwidXVsZSI6IncrQ0FJUUlDSUZTMlZ1ZVdFIiwiZ2wiOiJ1cyIsImhsIjoiZW4ifQ==,https://serpapi.com/searches/6851542856043340d3d79f59/images/792c58b770e866ce560cc84c4e139db47f28980141dd69b1adec101abad92d5a.jpeg,,Full-time,,2025-06-17 13:40:36.969174,Quantitative Trader,Kenya,True
Model Validation - Specialist,Information & Technology Management,Kenya,LinkedIn,"['14 days ago', 'Full-time']","Reference ID R174674 Updated 06/02/2025

Finance

United Kingdom, India, Singapore, Texas

London, Bengaluru, Singapore, Houston

N/A

What You‚Äôll Be Doing

The candidate will participate in the assignments of the Group validating Models used in the for valuation and risk measurement of Financial Portfolios, Assets and Instruments as well as the formulation of Input and Output information from the Global Energy markets. She or he is based in London, Houston, Singapore or Bangalore.

The Analyst Bridges Seven Areas
‚Ä¢ Assessment that a Model is ‚Äúfit for purpose‚Äù
‚Ä¢ Analysis of Model algorithms applying different validation techniques which include using challenger models internally built or procured externally
‚Ä¢ Review of process underlying a Model including inputs and outputs flows
‚Ä¢ Determination of adjustments to Model required to mitigate weaknesses
‚Ä¢ Maintenance and extension of the Model Validation policy
‚Ä¢ Inventory of Models used within the Risk Management Function (RMF) and without as requested
‚Ä¢ Collection of code and documentation for successive Model versions

The different professionals involved in these activities along with the Group manager will intervene on a Model at 3 levels:
‚Ä¢ The Scientist Senior Analyst will investigate the conceptual underpinnings of the Model and audit the embedded algorithms with a view to identifying limitations to the model and remediations
‚Ä¢ The Engineer Analyst will consider the cases where the Model is applied and formulate test scripts to verify that inputs & parameters are used appropriately to generate outputs that are properly understood
‚Ä¢ The Technician Junior Analyst will compile the information related to the Model and execute test scripts

Engagement of the Model Validation specialists with external Stakeholders will be very significant starting with other groups in the RMF such as Quantitative Analysis, Portfolio Valuation, Market Risk Management Advisory, Market Risk Operations, Risk Management Transformation and Credit Risk Management Advisory.

They will also interface ongoing with Commercial Traders, Originators & Structurers, Quantitative Analysts & Research Analysts as well as Back-Office and Information Technology Departments.

The Model Validation specialists also participate in educational efforts with benefits across RMF and the firm.

The Skills Required For The Tasks Include
‚Ä¢ The application of advanced financial mathematics to formulate algorithms used for valuation and risk measurement of exotic derivatives and assets such as Natural Gas & Oil Storage, LNG & Freight Cargos, Transport, Transmission and Power Generation as well as calculate with various methodologies portfolio metrics like Market Value at Risk (Var), Credit Potential Future Exposure (PFE) and Economic Capital
‚Ä¢ Industry experience in structuring and balancing these deals and portfolios while selecting the appropriate inputs & parameters for modeling
‚Ä¢ Abilities in multiple software tools to analyze the code underlying a Model and build challenger Models by transforming algorithms quickly in working applications
‚Ä¢ Data analysis techniques allowing to follow data extraction, transformation and interfacing from numerous corporate systems into a Model application
‚Ä¢ Communication methods to explain the Model implications to Senior Management as well as Quantitative Specialists who built and are using the Model

What You Bring
‚Ä¢ A degree in business administration, finance, economics, mathematics, engineering or information systems at the bachelor‚Äôs or above level for the Technician specialist and master‚Äôs to PhD for the Engineer and Scientist
‚Ä¢ General knowledge of energy markets, natural gas, power, emissions, oil crude & products and LNG
‚Ä¢ Preferably with substantial experience in risk management in the Energy industry
‚Ä¢ CQF, ERP, FRM and other related certifications are welcome
‚Ä¢ Excellent critical thinking and problem-solving skills
‚Ä¢ Strong analytical skills with attention to detailed data analysis and complex model configuration
‚Ä¢ Ability to multi-task and accommodate organic changes in requirements for deliverables
‚Ä¢ Ability to work as a team member and with all members of the organization.
‚Ä¢ Ability to communicate complex technical ideas, regardless of the technical capacity of the audience
‚Ä¢ Proficiency with Microsoft Office Suite , SharePoint and Teams
‚Ä¢ Knowledge of SQL e.g. TOAD or GOLDEN, VBA independently or within Excel , C# and .Net
‚Ä¢ Experience with one or several analytical languages like Python, R, MatLab or SAS
‚Ä¢ Usage of either QlikSense, QlikView, Spotfire, Power BI or Alteryx
‚Ä¢ Navigation in Energy Trading and Risk Management systems (ETRMs) OpenLink ENDUR, SunGard Nucleus, FIS Aligne, CubeLogic and using or connecting analytical libraries Lacima, Numerix, Allegro/FEA & Open Source Risk (OSR)
‚Ä¢ Application processing in the Microsoft Azur Cloud and AWS

What We Offer

You bring your skills and experience to Shell and in return you work with talented, committed people on one of the most important challenges facing our planet. You‚Äôll have the opportunity to develop the skills you need to grow in an environment where we value honesty, integrity, and respect for one another. You‚Äôll be able to balance your priorities as you become the best version of yourself.
‚Ä¢ Progress as a person as we work on the energy transition together.
‚Ä¢ Continuously grow the transferable skills you need to get ahead.
‚Ä¢ Work at the forefront of technology, trends, and practices.
‚Ä¢ Collaborate with experienced colleagues with unique expertise.
‚Ä¢ Achieve your balance in a values-led culture that encourages you to be the best version of yourself.
‚Ä¢ Benefit from flexible working hours, and the possibility of remote/mobile working.
‚Ä¢ Perform at your best with a competitive starting salary and annual performance related salary increase ‚Äì our pay and benefits packages are considered to be among the best in the world.
‚Ä¢ Take advantage of paid parental leave, including for non-birthing parents.
‚Ä¢ Join an organisation working to become one of the most diverse and inclusive in the world. We strongly encourage applicants of all genders, ages, ethnicities, cultures, abilities, sexual orientation, and life experiences to apply.
‚Ä¢ Grow as you progress through diverse career opportunities in national and
‚Ä¢ international teams.
‚Ä¢ Gain access to a wide range of training and development programs.

We'd like you to know that Shell has a bold goal: to become one of the world‚Äôs most diverse and inclusive companies. You can get to know more about how we're working towards that goal, click here.

We are committed to attracting a broader and more diverse pool of candidates. If this position doesn‚Äôt feel like the perfect fit for your qualifications right now, we‚Äôd still love to hear from you. Consider creating a profile in our Talent Community so we can keep you in mind for future opportunities that may align with your skills.

Shell in The World

Shell UK remains one of the North Sea‚Äôs biggest producers, supplying around 10% of the UK‚Äôs total oil and gas needs. But perhaps the most recognizable face of Shell in the UK is our network of over 1,000 Shell-branded service stations.

In the years ahead, as the UK looks to strengthen energy security and deliver its 2050 net-zero goal, Shell UK aims to play a crucial role. We aim to be a major investor in the UK energy system by helping our customers decarbonize with a focus on transport and industry.",eyJqb2JfdGl0bGUiOiJNb2RlbCBWYWxpZGF0aW9uIC0gU3BlY2lhbGlzdCIsImNvbXBhbnlfbmFtZSI6IkluZm9ybWF0aW9uIFx1MDAyNiBUZWNobm9sb2d5IE1hbmFnZW1lbnQiLCJhZGRyZXNzX2NpdHkiOiJLZW55YSIsImh0aWRvY2lkIjoieUI3YzVOYmR5b085NVJvbEFBQUFBQT09IiwidXVsZSI6IncrQ0FJUUlDSUZTMlZ1ZVdFIiwiZ2wiOiJ1cyIsImhsIjoiZW4ifQ==,https://serpapi.com/searches/6851544950849cfa6f41c9dc/images/7f2b138902410a3066e0d9fc42d225ff45f3b516c18a3195bb447256fe0c6ec9.png,,Full-time,14 days ago,2025-06-17 13:41:01.211978,Model Validation Analyst,Kenya,
Staff Android Engineer - Financial Services,Yassir,Anywhere,LinkedIn,"['Work from home', 'Full-time']","Yassir is the leading super App in the Maghreb region set to changing the way daily services are provided. It currently operates in 45 cities across Algeria, Morocco and Tunisia with recent expansions into France, Canada and Sub-Saharan Africa. It is backed (:$200M in funding) by VCs from Silicon Valley, Europe and other parts of the world.

We offer on-demand services such as ride-hailing and last-mile delivery. Building on this infrastructure, we are now introducing financial services to help our users pay, save and borrow digitally.

Helping usher the continent into a digital economy era. We‚Äôre not just about serving people - we‚Äôre about creating a marketplace to bring people what they need while infusing social values.

About Your Role

As an Android Staff Engineer, you will drive the technical standards for the Android applications across our consumer domain, working with multiple squads inside the domain. You will lead Android engineers with tech roadmaps, architecture decisions, and feature development and release cycle. You will mentor junior developers. You will contribute to scaling up Android engineers in multiple squads and bringing great talents on board by conducting technical interviews.

Responsibilities
‚Ä¢ Design, build and maintain features for the domain applications
‚Ä¢ Provide technical leadership and manage dependencies
‚Ä¢ Conduct design and code reviews
‚Ä¢ Help the domain team members with technical blockers supporting them and helping them grow
‚Ä¢ Continuously discover, evaluate, and implement new technologies to maximize efficiency
‚Ä¢ Participate in architecture and design discussions
‚Ä¢ Participate strongly in building the technical roadmap
‚Ä¢ Conduct technical interviews
‚Ä¢ Help Improving engineering standards, tooling, and processes

Requirements
‚Ä¢ BSc/MSc in Engineering, Computer Science or relevant field
‚Ä¢ At least 8 years of Android mobile engineering experience. 3 years of which with Kotlin
‚Ä¢ Excellent communication skills
‚Ä¢ Enjoy solving problems and helping others meet their goals
‚Ä¢ Solid understanding of the full mobile development lifecycle
‚Ä¢ Substantial experience with Git in a team environment
‚Ä¢ Hands-on experience with mobile DevOps CI/CD tools
‚Ä¢ Experience working with different architectures
‚Ä¢ Experience writing testable code and unit tests
‚Ä¢ Have published many Android applications to the Store
‚Ä¢ Experience in a fast-growing startup in a the on-demand services space is a plus

At Yassir, we believe in the power of diversity and the importance of an inclusive culture. So, if you're ready to bring your unique perspective and experiences to the table, then we're excited to listen.

Don't just apply for a job, come and be a part of our journey. Let's create a better tomorrow together.

We look forward to receiving your application!

Best of luck,

Your Yassir TA Team",eyJqb2JfdGl0bGUiOiJTdGFmZiBBbmRyb2lkIEVuZ2luZWVyIC0gRmluYW5jaWFsIFNlcnZpY2VzIiwiY29tcGFueV9uYW1lIjoiWWFzc2lyIiwiYWRkcmVzc19jaXR5IjoiTmFpcm9iaSwgS2VueWEiLCJodGlkb2NpZCI6IkxLVl9sY1c2cy1ISEVPbHlBQUFBQUE9PSIsInV1bGUiOiJ3K0NBSVFJQ0lGUzJWdWVXRSIsImdsIjoidXMiLCJobCI6ImVuIn0=,https://serpapi.com/searches/68515461bc3f0bacd40ae7f4/images/5cfa997ddb37cc5c7c0a469fe38ca0612e094faf834bf48420e7a236a9e59a98.jpeg,,Full-time,,2025-06-17 13:41:25.274777,Financial Engineer,Kenya,True
Engineering Manager - Financial Services,Yassir,Anywhere,Built In San Francisco,"['14 days ago', 'Work from home', 'Full-time']","Yassir is the leading super App in the Maghreb region set to changing the way daily services are provided. It currently operates in 45 cities across Algeria, Morocco and Tunisia with recent expansions into France, Canada and Sub-Saharan Africa. It is backed (~$200M in funding) by VCs from Silicon Valley, Europe and other parts of the world.

We offer on-demand services such as ride-hailing and last-mile delivery. Building on this infrastructure, we are now introducing financial services to help our users pay, save and borrow digitally.

Helping usher the continent into a digital economy era. We‚Äôre not just about serving people - we‚Äôre about creating a marketplace to bring people what they need while infusing social values.

About the role

As part of our expansion effort, we are looking for an engineering manager to lead our team of financial services developers. You will lead a tech team supporting Yassir's product development and delivery. You will own and build large-scale systems and micro-services. Together with your team, you will design, develop, and deliver powerful applications in a highly dynamic environment. To be successful in this role, you should have outstanding technical skills and you are not afraid to be hands-on, you are confident in leading and serving tech teams, good at juggling multiple products, and thrive in high-growth environments.

About your responsibilities as Engineering Manager
‚Ä¢ Work with the product and design teams to understand end-user requirements, formulate use cases, and then translate that into pragmatic and effective technical solutions.
‚Ä¢ Contribute to hiring the engineering team for the product you are responsible for.
‚Ä¢ Work with the different stakeholders to establish a culture of technical excellence and be responsible for the success and personal growth of your team.
‚Ä¢ Oversee engineering teams and their projects. Ensure they can deliver their best work by spotting and alleviating blockers and coaching teammates.
‚Ä¢ Build robust and scalable software in Java.
‚Ä¢ Help improve existing code quality through introducing quality assurance and performing code reviews.
‚Ä¢ Participate in brainstorming sessions and contribute ideas to our technology, algorithms, and product.

About your experience
‚Ä¢ Previous experience with digital products or in a similar product role at a FinTech company, digital bank, or Payment provider
‚Ä¢ At least three years of work experience as an engineering manager or tech lead at an engineering department
‚Ä¢ Extensive experience with cloud technologies, microservices architecture, continuous delivery, and modern human-computer interfaces
‚Ä¢ Good understanding of agile methodologies
‚Ä¢ Excellent leadership and project management skills, ideally experience managing remote teams
‚Ä¢ Solid software design knowledge ‚Äì you should know how to create software that is extensible, reusable, and meets desired architectural objectives
‚Ä¢ Demonstrated ability to prioritize, self-start, contribute under pressure, and meet tight deadlines
‚Ä¢ Highly organized, creative and critical thinker
‚Ä¢ Comfortable working in an entrepreneurial environment
‚Ä¢ Experience working with core banking software is a plus
‚Ä¢ BSc/MSc in Engineering, Computer Science, or relevant field

At Yassir, we believe in the power of diversity and the importance of an inclusive culture. So, if you're ready to bring your unique perspective and experiences to the table, then we're excited to listen.

Don't just apply for a job, come and be a part of our journey. Let's create a better tomorrow together.

We look forward to receiving your application!

Best of luck,

Your Yassir TA Team",eyJqb2JfdGl0bGUiOiJFbmdpbmVlcmluZyBNYW5hZ2VyIC0gRmluYW5jaWFsIFNlcnZpY2VzIiwiY29tcGFueV9uYW1lIjoiWWFzc2lyIiwiYWRkcmVzc19jaXR5IjoiTmFpcm9iaSwgS2VueWEiLCJodGlkb2NpZCI6ImM5RDNtV3RUTDRXMWtURThBQUFBQUE9PSIsInV1bGUiOiJ3K0NBSVFJQ0lGUzJWdWVXRSIsImdsIjoidXMiLCJobCI6ImVuIn0=,https://serpapi.com/searches/68515461bc3f0bacd40ae7f4/images/5cfa997ddb37cc5c4425f9a1f5549a1ac974778f09225564773ed480d1d86315.jpeg,,Full-time,14 days ago,2025-06-17 13:41:25.274777,Financial Engineer,Kenya,True
Experienced Financial Software Engineer,"Galatea Associates, LLC",Kenya,LinkedIn,['Full-time'],"Galatea is looking for an experienced Financial Software Engineer to join our growing team! We are at the center of the digital revolution in finance and are looking for strong engineers who want to be part of helping to build and improve key systems used by our Capital Market clients.

As a Financial Software Engineer you will define, architect, and build strategic systems that facilitate access to trillions of dollars worth of liquidity and capital around the world. You may also have the opportunity to do hands-on programming in this role. This is a perfect role for someone who enjoys leading projects and rolling up their sleeves to support their team‚Äôs work.

Access to liquidity and capital makes an incredible difference in people's lives every day by allowing them to make contactless payments, get microcredit loans, buy houses, start small businesses, and more. As a Galatean, you will be a big part of that by providing a direct impact on streamlining these processes and making them more accessible to everyone!

A look into your first year on your client project:

Within the first few months of your first client engagement, you will:
‚Ä¢ Learn about Galatea‚Äôs collaborative culture and values and become an active participant in discussions
‚Ä¢ Witness and learn about Galatea‚Äôs client-focused delivery approach and the ongoing value-add we provide to our clients everyday
‚Ä¢ Take ownership over increasingly complex design, analysis, planning, and software-related tasks while working towards independence on assignments
‚Ä¢ Begin to establish relationships with client contacts
‚Ä¢ Build an understanding of the finance topics relevant to your project

Within 6 months, you will:
‚Ä¢ Begin to mentor and lead 1-2 junior members of the team in all areas of project delivery
‚Ä¢ Expand your knowledge of functional and technical concepts beyond the specifics of your project
‚Ä¢ Participate in project planning discussions.
‚Ä¢ Gain independence on assignments and become a master of Galatea‚Äôs best practices
‚Ä¢ Be seen as the ultimate problem solver on your team
‚Ä¢ Establish meaningful client relationships

Within 12 months, you will:
‚Ä¢ Increase your impact by challenging yourself to architect your own small applications or small pieces of larger applications
‚Ä¢ Be the go-to person for clients serving as a subject matter expert in many areas within your project
‚Ä¢ Share your financial and technical knowledge by contributing to internal Galatea training sessions
‚Ä¢ Become an essential contributor on your project and within Galatea by leading other Galateans through your excellent example!

About YOU:
‚Ä¢ Accountable and Curious - You take responsibility and bring intellectual curiosity to all endeavors
‚Ä¢ Relationship Builder - You form relationships based on mutual respect, diversity of thought, and direct and open communication
‚Ä¢ Results Driven - You participate in and push for inclusive, team-based, client-focused delivery
‚Ä¢ Embrace uncertainty - You bring clarity and definition to uncertainty
‚Ä¢ Leader - You enjoy providing leadership and communicating project goals and timelines with stakeholders and your team.
‚Ä¢ Problem Solver - You are a problem solver first and a software engineer second. You thrive in finding solutions when challenged with the organizational silos of our large clients
‚Ä¢ Client Manager - You delight your clients and form productive long-standing relationships
‚Ä¢ Business Focused - You don‚Äôt just think of yourself as an engineer who is told what to build. You are focused on solving the client‚Äôs underlying business problem
‚Ä¢ Technology Agnostic - You are a technical polyglot who embraces the diverse set of technologies used by our clients

About Us:

Headquartered in Somerville, MA and with branch offices in Tampa Bay, Durham, and London, Galatea Associates is a highly-focused software consulting firm that specializes in providing bespoke technical solutions to capital markets firms. At Galatea, our employees know both the business and the IT infrastructure of our clients‚Äô operations and we are uniquely positioned to help bridge the communication gap between the internal business and technical teams for our clients. Our clients call on us to collaborate with them throughout the entirety of project life cycles and we assist them in overcoming whatever challenges they encounter.

Why Galatea?

Our strengths have always been in our people and our core focus is on providing a collaborative environment with highly engaged employees while maintaining impactful delivery to our clients. We strive to provide transparency into our internal operations and include ideas and feedback from Galateans as company decisions are made. Our ambitions are high and our people help us to attain our goals year after year!

Benefits you‚Äôll Love:
‚Ä¢ A positive and collaborative team-based environment
‚Ä¢ Ability to work with different clients, technologies, and projects while maintaining the stability of knowing and trusting your employer
‚Ä¢ Interesting Wall Street work within a fun and casual environment
‚Ä¢ Weekly employer-sponsored catered training lunches and frequent happy hours
‚Ä¢ Snacks, snacks and more snacks! We keep our office fully stocked

US Salary Guidelines (will be dependent on relevant skills and/or experience):
‚Ä¢ 1-3 years experience $100-$115K base plus $5-15K bonus
‚Ä¢ 3-5 years experience $115-$145K base plus $15-$30K bonus
‚Ä¢ 5+ years experience $150+ total comp (base plus bonus included)

Data Protection Privacy Notice to Job Applicants

To view Galatea's Data Protection Notice to Job Applicants, navigate to: www.galatea-associates.com/data-protection-policy

Additional Item to Note:

Due to the strong collaborative nature of our culture, all Galatea employee's will normally be required to work on-site at the location of one of Galatea's clients or to work from their local Galatea office.

The future is bright at Galatea and we are looking forward to finding the perfect candidate to join our team and help us continue to grow and innovate! We look forward to speaking with you more about this opportunity.",eyJqb2JfdGl0bGUiOiJFeHBlcmllbmNlZCBGaW5hbmNpYWwgU29mdHdhcmUgRW5naW5lZXIiLCJjb21wYW55X25hbWUiOiJHYWxhdGVhIEFzc29jaWF0ZXMsIExMQyIsImFkZHJlc3NfY2l0eSI6IktlbnlhIiwiaHRpZG9jaWQiOiJpTmJ5TmdHcjJ3dEpaSjcwQUFBQUFBPT0iLCJ1dWxlIjoidytDQUlRSUNJRlMyVnVlV0UiLCJnbCI6InVzIiwiaGwiOiJlbiJ9,https://serpapi.com/searches/68515461bc3f0bacd40ae7f4/images/5cfa997ddb37cc5c51e6ff30f0924f94723040a0f2ce1e42467cdbdf72016e41.jpeg,,Full-time,,2025-06-17 13:41:25.274777,Financial Engineer,Kenya,
"Manager, Finance and Accounts Grade EBK 3",Engineers Board of Kenya EBK,"Nairobi, Kenya",MyJobMag,"['7 days ago', 'Full-time']","Job & Person Specifications

The Manager Financeand Accounts will be responsible for ensuring prudent management of financialresources by implementing accounting policies, systems and procedures; andreport on financial performance of an organization.

The Manager, Financeand Accounts will be reporting to the Director,Corporate Services and Administratively to the Registrar/Chief ExecutiveOfficer.

Job Specifications

Theduties and responsibilities of the officer will entail: -
‚Ä¢ Consolidating andrevising budget as per guidelines issued by the National Treasury and theParent Ministry;
‚Ä¢ Checking and approvingexpenditure and payments and sign bank instructions/cheques;
‚Ä¢ Presenting financialreports to the Board and advice on financial implications and consequences ofmanagement/business decisions;
‚Ä¢ Developing and reviewingfinancial policies and procedures to enhance internal controls;
‚Ä¢ Ensuring compliance withrelevant laws, regulations and procedures in management of financial resources;
‚Ä¢ Reviewing and ensuringtimely submission of annual report and financial statements;
‚Ä¢ Ensuring the Boardsliquidity position is appropriate and liaise with the Parent Ministry andTreasury for release of allocated funds;
‚Ä¢ Reviewing of auditqueries and implementing corrective actions;
‚Ä¢ Developing and implementing effective processesin the finance unit to ensure seamless flow of service delivery. Such processesinclude but not limited to budgetary process, analysis and reporting;
‚Ä¢ Developing short term, medium and long term revenue and expenditure framework;
‚Ä¢ Ensuring compliance with various requirements ofgovernment agencies and statutory institutions as set out in various circularsand legislations;
‚Ä¢ Controlling the Boards Finances to ensure thatthey are utilized in a lawful and efficient manner.
‚Ä¢ Planning and determiningcash flow needs, forecast and establish cash flow trends of the Board.
‚Ä¢ Preparing the annual budget execution reports, quarterly financial statements forprogramme and operational budgets;
‚Ä¢ Preparing Board and management financial reports;
‚Ä¢ Liaising with the parent Ministry for GOKsGrants and development partners funding;
‚Ä¢ Ensuring the provision ofadequate financial resources for the Boards programme and activities; and
‚Ä¢ Staff performance management, developmenttraining and, mentorship.

Person Specification

For appointment to this position, an officer musthave: -
‚Ä¢ Have a minimum of eight 8 years relevant workexperience three 3 of which should have been in a supervisory position in thepublic or private institution;
‚Ä¢ Have Bachelors degree in any of the followingdisciplines: Commerce Accounting/Finance Option, Business ManagementAccounting/Finance Option, Economics, or equivalent qualification from arecognized Institution.
‚Ä¢ Have Masters degree in any of the followingdisciplines: Business Administration, Finance, Commerce, or equivalentqualifications from a recognized university;
‚Ä¢ Be Certified Public Accountant CPA K or itsequivalent;
‚Ä¢ Be registered with a professional body such as CPA,ACCA from a recognized institution;
‚Ä¢ Be a Member of the Institute of Certified PublicAccountants of Kenya ICPAK or any other recognized professional body in goodstanding;
‚Ä¢ Have a certificate in Management course lasting notless than four 4 weeks from a recognized institution;
‚Ä¢ Have proficiency in computer application skills:
‚Ä¢ Demonstrated professional competence andadministrative capability as reflected in work performance and results; and
‚Ä¢ Fulfilled the requirements of Chapter Six of theConstitution.

KeyCompetencies and skills
‚Ä¢ Proficiency in IT
‚Ä¢ Strategic thinking
‚Ä¢ Analytical skills
‚Ä¢ Strong communication and reporting skills
‚Ä¢ Strong managerial skills and ability to lead teams
‚Ä¢ Mentoring, coaching and leadership skills
‚Ä¢ Interpersonal and negotiation skills
‚Ä¢ Team player
‚Ä¢ Ethical and integrity",eyJqb2JfdGl0bGUiOiJNYW5hZ2VyLCBGaW5hbmNlIGFuZCBBY2NvdW50cyBHcmFkZSBFQksgMyIsImNvbXBhbnlfbmFtZSI6IkVuZ2luZWVycyBCb2FyZCBvZiBLZW55YSBFQksiLCJhZGRyZXNzX2NpdHkiOiJOYWlyb2JpLCBLZW55YSIsImh0aWRvY2lkIjoiRmsxUXFDcEl4akFQS1lqY0FBQUFBQT09IiwidXVsZSI6IncrQ0FJUUlDSUZTMlZ1ZVdFIiwiZ2wiOiJ1cyIsImhsIjoiZW4ifQ==,,,Full-time,7 days ago,2025-06-17 13:41:25.274777,Financial Engineer,Kenya,
Head of Engineering - Financial Services,Yassir,"Nairobi, Kenya (+8 others)",Lever,['Full-time'],"Yassir is the leading super App in the Maghreb region set to changing the way daily services are provided. It currently operates in 45 cities across Algeria, Morocco and Tunisia with recent expansions into France, Canada and Sub-Saharan Africa. It is backed (~$200M in funding) by VCs from Silicon Valley, Europe and other parts of the world.

We offer on-demand services such as ride-hailing and last-mile delivery. Building on this infrastructure, we are now introducing financial services to help our users pay, save and borrow digitally.

Helping usher the continent into a digital economy era. We‚Äôre not just about serving people - we‚Äôre about creating a marketplace to bring people what they need while infusing social values.

Are you a visionary leader with a passion for cutting-edge technology? Do you thrive in dynamic environments where innovation drives success? If so, we have an exciting opportunity for you! At Yassir we are revolutionizing the tech industry with our groundbreaking super app. Our platform seamlessly integrates multiple services, providing users with unparalleled convenience and efficiency. As we continue to expand, we‚Äôre seeking a Head of Engineering to lead our talented team and drive our ambitious goals forward.

About your role as Head of Engineering
‚Ä¢ Hire outstanding engineering talents and scale our tech team across Europe/Africa
‚Ä¢ Contribute to the company technical culture and be responsible for the success and personal growth of our engineers
‚Ä¢ Oversee mobile, front-end and back-end development teams and their projects. Ensure they can deliver their best work by spotting and alleviating blockers, setting IT processes, coaching teammates, and setting the bar for technical excellence
‚Ä¢ Review architecture of products and suggest improvements
‚Ä¢ Work with the product team to plan and oversee the execution of the product roadmap and contribute to designing strategies for future developments

About your experience
‚Ä¢ Work experience as a head of engineering, engineer director or in a similar senior-level position at an engineering department
‚Ä¢ Successful track record recruiting outstanding tech talents and managing multiple engineering teams
‚Ä¢ Extensive experience with cloud technologies, microservices architecture, continuous delivery, and modern human-computer interfaces
‚Ä¢ Hands-on experience in back-end and front-end development and in enterprise architecture
‚Ä¢ Good understanding of agile methodologies
‚Ä¢ Leadership abilities with a strategic mind
‚Ä¢ Excellent project management skills, ideally experience managing remote teams.
‚Ä¢ Experience in a rapidly growing company in the mobility, on-demand or fintech space is a plus
‚Ä¢ BSc/MSc in Engineering, Computer Science or relevant field

Why you should join Yassir
‚Ä¢ üòé You will be part of one of the first Algerian startups to go through the Y Combinator program and one of the fastest-growing tech companies in North Africa. We are current in +40 cities (Algeria, Tunisia, Morocco, Senegal, France and Germany)
‚Ä¢ ü§ôüèΩHave a lasting impact on our company's culture
‚Ä¢ üöÄ Perfect timing with renowned investors to build something great
‚Ä¢ üìà Extremely steep learning curve with own responsibility and intensive guidance
‚Ä¢ üíØ Make a real impact on the world by helping us bring affordable financial and on-demand services to millions of Africans

At Yassir, we believe in the power of diversity and the importance of an inclusive culture. So, if you're ready to bring your unique perspective and experiences to the table, then we're excited to listen.

Don't just apply for a job, come and be a part of our journey. Let's create a better tomorrow together.

We look forward to receiving your application!

Best of luck,

Your Yassir TA Team",eyJqb2JfdGl0bGUiOiJIZWFkIG9mIEVuZ2luZWVyaW5nIC0gRmluYW5jaWFsIFNlcnZpY2VzIiwiY29tcGFueV9uYW1lIjoiWWFzc2lyIiwiYWRkcmVzc19jaXR5IjoiTmFpcm9iaSwgS2VueWEiLCJodGlkb2NpZCI6IkZickljNkVtX1ZVOEFYUm1BQUFBQUE9PSIsInV1bGUiOiJ3K0NBSVFJQ0lGUzJWdWVXRSIsImdsIjoidXMiLCJobCI6ImVuIn0=,https://serpapi.com/searches/68515461bc3f0bacd40ae7f4/images/5cfa997ddb37cc5c298236c6a98647a02a0e4f77c190029a015d3cc78b6ad1b4.png,,Full-time,,2025-06-17 13:41:25.274777,Financial Engineer,Kenya,
"Mid-Level Clojure / ClojureScript Engineer (Remote, 45k-55k EUR)",Lifecheq,Anywhere,Himalayas,"['‚Ç¨45K‚Äì‚Ç¨55K a year', 'Work from home', 'Contractor', 'No degree mentioned']","What are we all about?

LifeCheq is a personal finance fintech business operating across South Africa. Our unique approach to financial advice and our market-leading advice platform has redefined the category. Our technology touches consumers, financial advisers and large enterprise institutions.

Clojure is core to our technology, and its philosophy is foundational to how we designed our systems. We rely on easy to read and immutable data structures, pure functions, and create complexity through composition of simple grokkable pieces. We primarily use Clojure for our backends, with a mixture of ClojureScript and TypeScript for our frontends. Key technologies include event sourcing, Lacinia (GraphQL), re-frame and sci.

Our business is funded by reputable institutional investors including Naspers, Futuregrowth and African Rainbow Capital, that believe in our mission: to help people make better financial decisions about their lives.
How you‚Äôll grow in this role
‚Ä¢ You will work in a cross functional squad, along with non-Clojure engineers, financial experts, designers and product people. Each squad with a clear focus on a set of customer related goals and outcomes, and autonomy in how to best realise that. With great autonomy comes great responsibility.
‚Ä¢ Personal financial advice is one of the toughest business domains to crack: it will flex your design and coding skills, it will challenge how you test, integrate and deploy.
‚Ä¢ As we continue growing, contribute to how we architect, deploy and monitor our systems.
‚Ä¢ Learn with our 13 people strong Clojure team, that has an average of 14 years of experience;
‚Ä¢ We‚Äôre scaling our operations significantly: grow with the company, and choose your technical or management path.

What skills you‚Äôll bring
‚Ä¢ Minimum 3 years of professional software development experience, fluency in core Clojure/ClojureScript;
‚Ä¢ Flexibility across frontend/backend is a big plus, but specialisation in either is also welcome;
‚Ä¢ Energy, joy, curiosity.
‚Ä¢ This is a full-time, remote position. We need you to be fluent in English, and be able to work core hours for a UTC+2 time zone.",eyJqb2JfdGl0bGUiOiJNaWQtTGV2ZWwgQ2xvanVyZSAvIENsb2p1cmVTY3JpcHQgRW5naW5lZXIgKFJlbW90ZSwgNDVrLTU1ayBFVVIpIiwiY29tcGFueV9uYW1lIjoiTGlmZWNoZXEiLCJhZGRyZXNzX2NpdHkiOiJLZW55YSIsImh0aWRvY2lkIjoiU0Zoa1EwVWs0VjVuVG16eEFBQUFBQT09IiwidXVsZSI6IncrQ0FJUUlDSUZTMlZ1ZVdFIiwiZ2wiOiJ1cyIsImhsIjoiZW4ifQ==,https://serpapi.com/searches/68515461bc3f0bacd40ae7f4/images/5cfa997ddb37cc5cd0b3d55dff6c76bfdd927a9cfda8f8485851dc385d0afe7f.jpeg,‚Ç¨45K‚Äì‚Ç¨55K a year,Contractor,,2025-06-17 13:41:25.274777,Financial Engineer,Kenya,True
Lead Analyst - Behavioural Science,Sun King,"Nairobi, Kenya",Sun King Careers - Pinpoint,"['20 days ago', 'Full-time']","Lead Analyst - Behavioural Science

Department: Global Analytics and Technology

Employment Type: Permanent - Full Time

Location: Kenya

Reporting To: Manager, Data Intelligence

Description

Location: Nairobi, Kenya

The Team you would Join
The Data Intelligence (DI) Team at Sun King is central to driving strategic decision-making through data-driven insights. This team collaborates with various departments to identify growth opportunities, optimize processes, and provide actionable insights that shape business strategy. The team combines business acumen with technical expertise, including data analytics, machine learning, and advanced storytelling, to ensure that data becomes a key driver of impact across the organization.

About the Role

The DI team is seeking a Lead Analyst with expertise in Behavioural Science, analytics, and storytelling to play a pivotal role in transforming data into actionable business insights. The successful candidate will deeply understand business challenges, leverage Customer/Agent behavioural analytics techniques, and effectively communicate complex analyses to both technical and non-technical stakeholders. This role requires a strong ability to bridge the gap between Agent and customer Behaviour, operational initiatives, and technology.

What you would be expected to do:
‚Ä¢ Conduct in-depth qualitative and quantitative research to understand customer and agent behaviors, motivations, and pain points.
‚Ä¢ Leverage surveys, focus groups, and sentiment analysis tools to assess customer feedback and agent morale.
‚Ä¢ Map customer and agent interactions across touchpoints to identify friction areas and optimize engagement strategies.
‚Ä¢ Assess competitor strategies to uncover opportunities for improving customer satisfaction and agent performance.
‚Ä¢ Design and execute A/B tests, behavioral experiments, and case studies to evaluate the impact of process improvements.
‚Ä¢ Define and measure key behavioral performance indicators (KPIs) for customer satisfaction, agent efficiency, and service quality.
‚Ä¢ Apply regression analysis, and statistical modeling to predict customer churn and agent productivity trends.
‚Ä¢ Expertise in data visualization tools like Tableau, Looker, or Power BI to create compelling, actionable insights.
‚Ä¢ Support loyalty programs, retention strategies, and service enhancements based on behavioral insights.
‚Ä¢ Collaborate with senior leaders to identify strategic opportunities and guide data-driven decision-making.
‚Ä¢ Lead projects to completion which will involve managing efforts across the team and mentoring junior team members and reviewing their work.

You might be a strong candidate if you have:
‚Ä¢ A bachelor‚Äôs or master‚Äôs degree in Economics, Social Sciences, Public Policy, Psychology, Business Analytics, or a related field with a deep understanding of behavioral patterns.
‚Ä¢ 5+ years of experience in business intelligence, strategic analysis, or behavioral analytics, with a track record of using data-driven insights to improve customer and agent experiences.
‚Ä¢ Proficiency in SQL and Python for data extraction,modeling, and predictive analytics.
‚Ä¢ Strong understanding of customer behavior, agent performance analytics, and market research techniques to solve real-world business challenges.
‚Ä¢ Experience with Tableau, Looker, or Power BI to create compelling dashboards and data-driven narratives for diverse stakeholders.
‚Ä¢ Strong academic behavioral science background.
‚Ä¢ Ability to translate research findings into business strategies, working closely with leadership, marketing, and operations teams to enhance customer and agent engagement.

Strong interpersonal skills to collaborate with senior leaders, managers, and technical/non-technical teams, while remaining customer-focused and empathetic to user needs.
Sound knowledge of psychological principles to discern the underlying drivers behind consumer behaviors is a plus.

What Sun King Offers (in addition to compensation and statutory benefits)
‚Ä¢ Professional growth in a dynamic, rapidly expanding, high-social-impact industry
‚Ä¢ An open-minded, collaborative culture made up of enthusiastic colleagues who are driven by the challenge of innovation towards profound impact on people and the planet.
‚Ä¢ A truly multicultural experience: you will have the chance to work with and learn from people from different geographies, nationalities, and backgrounds.
‚Ä¢ Structured, tailored learning and development programs that help you become a better leader, manager, and professional through the Sun Centre for Leadership.

We place great importance on sustaining a diverse, inclusive work environment.
We believe that innovation and understanding comes from diversity on every spectrum. We work to make sure every Sun King team member knows that they belong, knowing that sustaining an inclusive workplace requires conscious effort and is a continuous journey, not an end-state.

Sun King recruits, employs, trains, compensates and promotes people based on their experience, skills, effort, and results. We explicitly prohibit discrimination on the basis of race, religion, caste, national origin, color, gender, marital status, family structure, sexual orientation, HIV/AIDS status, or disability",eyJqb2JfdGl0bGUiOiJMZWFkIEFuYWx5c3QgLSBCZWhhdmlvdXJhbCBTY2llbmNlIiwiY29tcGFueV9uYW1lIjoiU3VuIEtpbmciLCJhZGRyZXNzX2NpdHkiOiJOYWlyb2JpLCBLZW55YSIsImh0aWRvY2lkIjoibjduVFFpQ0Vrc0QwcXhwMUFBQUFBQT09IiwidXVsZSI6IncrQ0FJUUlDSUZTMlZ1ZVdFIiwiZ2wiOiJ1cyIsImhsIjoiZW4ifQ==,,,Full-time,20 days ago,2025-06-17 13:41:32.341435,Energy Analyst,Kenya,
Senior Analyst - BCG Vantage- Social Impact- C&S/Energy,Boston Consulting Group,"Nairobi, Kenya",Boston Consulting Group,"['15 days ago', 'Full-time']","Who We Are

Boston Consulting Group partners with leaders in business and society to tackle their most important challenges and capture their greatest opportunities. BCG was the pioneer in business strategy when it was founded in 1963. Today, we help clients with total transformation-inspiring complex change, enabling organizations to grow, building competitive advantage, and driving bottom-line impact.

To succeed, organizations must blend digital and human capabilities. Our diverse, global teams bring deep industry and functional expertise and a range of perspectives to spark change. BCG delivers solutions through leading-edge management consulting along with technology and design, corporate and digital ventures‚Äîand business purpose. We work in a uniquely collaborative model across the firm and throughout all levels of the client organization, generating results that allow our clients to thrive.

What You'll Do

As a Senior Analyst in a Client Focused role within BCG's Social Impact Practice Area, you will work in a growing global team, delivering value to clients via individual expertise and/or institutionalized knowledge assets (products, tools, data, workshops, frameworks, surveys, domain-specific data and related expertise, etc.). You will contribute to cases and proposals by contributing relevant analysis and insights and help case teams create strong impact for the client. While contributing to client cases, workshops and proposals, occasional travel to serve clients onsite during staffing assignments is expected to understand client requirements, and design / develop solutions.

You will support commercialization efforts for the topic/sector working, in conjunction with business leaders,

through contributing analysis and insights to proposals, client workshops and marketing materials. Additionally, as a Senior Knowledge Analyst, you will contribute to developing intellectual property & assets for the business and assist in onboarding and training junior colleagues based on your topic/sector expertise.

The Social Impact practice is one of BCG's fastest growing practices. Our Development Impact work collaborates with donors, foundations, NGOs, Governments and the private sector to create sustainable impact for society, nations and businesses, delivering 450+ projects annually. We do this by drawing upon our deep thematic expertise in sectors such as economic development, climate, health and education; our global capacity of 21,000 staff, including leaders in their field; our in-market knowledge and presence across Africa and Asia, drawing upon our 90 offices worldwide; and our proprietary tools and approaches, with world-leading analytics, digital, change management and capacity building capabilities.

This role will involve a diverse range of responsibilities and tasks, including:
‚Ä¢ Knowledge management & IP development: Develop and manage BCG‚Äôs leading research and perspectives on energy access, energy systems, and climate topics for BCG Africa‚Äôs Social Impact Practice, including: working with internal experts to develop new highly relevant analysis that supports our clients in achieving their impact objectives, maintaining an up-to-date repository of relevant analysis and prior case work, supporting the drafting of reports and publications.
‚Ä¢ Business development: supporting the management of the Africa region energy access and climate pipeline, including: understanding the priorities and needs of key companies, funders and beneficiaries in the region; proactive opportunity identification; driving go/no-go decisions; consortium development and bid positioning; and the development of capability statements, expressions of interest and management of bid assets (CVs etc).
‚Ä¢ Proposal development: coordinating the development of bids, including: bid planning, developing win themes, writing key technical and non-technical sections, and staffing.
‚Ä¢ Commercial advice: working as a member of project teams to bring the best of BCG‚Äôs sector knowledge & expertise to support client objectives..
‚Ä¢ Relationships and networks: building strong relationships with key individuals and stakeholders within the Sub-Saharan African energy and international development sectors, and using these to identify and position BCG for commercial opportunities.
‚Ä¢ Core areas of knowledge will include energy access, energy policy & economics, distributed renewable energy models, productive use of energy (including agricultural applications and e-mobility), carbon markets, and related topics.

You're Good At:
‚Ä¢ Writing for a range of different audiences to produce high quality, data-driven and concise materials including internal content, energy and climate sector insights, marketing and selling materials, proposals and reports for development sector clients;
‚Ä¢ Applying deep topic/sector expertise in development, energy and climate when building and deploying a product/ tool/ data, and adept at taking different internal stakeholder, partner organization and client needs/contexts into account;
‚Ä¢ Solving complex client problems through relevant analytical approaches and customized solutions in your area of expertise; with a high capacity for conceptual and strategic/end-to-end thinking;

Taking initiative
‚Ä¢ Managing a portfolio of 2-5 projects concurrently (depending on capacity allocation), which could include some client-facing projects, business development initiatives (including proposals), and knowledge projects;
‚Ä¢ Prioritizing workload including through transparent discussion with senior stakeholders, operating with autonomy to execute on the planned priorities;
‚Ä¢ Working flexibly in an ever changing and complex environment, bringing a curious and creative mindset, demonstrating an openness and drive for purposing new and innovative ideas, and being comfortable with ambiguity and navigating a fast-paced environment;

Stakeholder engagement and communication
‚Ä¢ Working both collaboratively and effectively in a group dynamic of local and remote teams around the world, and working independently to develop content that can contribute to wider business priorities;
‚Ä¢ Operating comfortably in a client-facing role, managing demanding internal and external clients in a positive, service-oriented way;
‚Ä¢ Proactively building strong relationships and demonstrating adaptability to bring value to teams at all stages of business development and case work, including establishing opportunities to apply expertise with internal stakeholders;
‚Ä¢ Managing and communicating with senior internal stakeholders as well as partner organizations and clients, to present and engage audiences effectively;
‚Ä¢ Telling a structured, clear and visually engaging story and creating impactful intellectual property that will build on our knowledge base.

What You'll Bring
‚Ä¢ Bachelor degree required, advanced degree preferred, with demonstrated high academic achievement in one of engineering, economics, business, political science, and environment, or related areas;
‚Ä¢ 2+ years of consulting experience in energy and climate sector consulting and business development; candidates with consulting experience strongly preferred;
‚Ä¢ In lieu of consulting experience, 3+ years minimum industry experience required; 4-6+ years of industry experience preferred;
‚Ä¢ Strong project management and implementation experience with investors, funders, foundation, and implementors in African energy and climate fields
‚Ä¢ Technical expertise in energy technologies, economics, policy, and business models, preferably with experience working across both private sector solutions and system-wide strategies;
‚Ä¢ Excellent written and verbal communication (English at proficiency level required);
‚Ä¢ Outstanding interpersonal and communication skills to interact with internal and external stakeholder while working in a global collaborative team environment;
‚Ä¢ Strong business acumen and problem-solving capabilities.
‚Ä¢ Advanced knowledge in Outlook, Word and Excel

Work authorization in Kenya required, open to Kenyan nationals or residents.

Who You'll Work With

You will work closely with the regional International Development team in Kenya; the central International Development business development team; the wider Social Impact Practice Area; our donor, DFI and foundation client team.; our global technical Practice Areas e.g. in economic development, climate and sustainability, health, education, infrastructure; and our support functions, including finance and HR.

Additional info

BCG Vantage is a powerhouse of expertise, seamlessly embedded within Practice Areas and markets to drive extraordinary impact. It equips BCG case teams and clients with cutting-edge expertise, proprietary assets, actionable data, and transformative insights that empower our case teams and enable our clients to achieve their aspirations.

With global experts across 20 Practices, covering more than 100 topics, sectors and offers, plus four focused geographic markets, BCG Vantage delivers unparalleled depth and breadth of insight & expertise. BCG Vantage consists of three career paths, each playing a crucial role in delivering value to clients, case teams and practice teams.

Client Focus (Embedded Expertise)

¬∑ Integrates into client-facing teams to deliver direct client impact through expertise, know-how, and proprietary tools and assets

Topic Activation (Sector Expertise with Proprietary Tool & Data Solutions)

¬∑ Combines deep domain insights with our know-how and proprietary assets to address targeted challenges directly with clients and project teams; co-creates insights on industry trends and functional topics, proprietary data and tools, and teams to codify IP that all enables BCG to deliver excellent business value with its clients

Research (Practice Topic and Sector-Aligned Research and Insights)

¬∑ Delivers actionable research and insights tailored to the client project‚Äôs needs; works with qualitative and quantitative data, conducts research and provides synthesized results from sources including commercial data, public and open source, company and industry research, macro-economic, commodities and trade data.

Boston Consulting Group is an Equal Opportunity Employer. All qualified applicants will receive consideration for employment without regard to race, color, age, religion, sex, sexual orientation, gender identity / expression, national origin, disability, protected veteran status, or any other characteristic protected under national, provincial, or local law, where applicable, and those with criminal histories will be considered in a manner consistent with applicable state and local laws.

BCG is an E - Verify Employer. Click here for more information on E-Verify.",eyJqb2JfdGl0bGUiOiJTZW5pb3IgQW5hbHlzdCAtIEJDRyBWYW50YWdlLSBTb2NpYWwgSW1wYWN0LSBDXHUwMDI2Uy9FbmVyZ3kiLCJjb21wYW55X25hbWUiOiJCb3N0b24gQ29uc3VsdGluZyBHcm91cCIsImFkZHJlc3NfY2l0eSI6Ik5haXJvYmksIEtlbnlhIiwiaHRpZG9jaWQiOiJiMmNadGxiOENvdXNtVVJoQUFBQUFBPT0iLCJ1dWxlIjoidytDQUlRSUNJRlMyVnVlV0UiLCJnbCI6InVzIiwiaGwiOiJlbiJ9,https://serpapi.com/searches/6851546be22fed9dcde612c9/images/14ee96c5744dc14ad6ba24911e905637714294da4e3c0c7d93ba444537d20f77.png,,Full-time,15 days ago,2025-06-17 13:41:32.341435,Energy Analyst,Kenya,
